timeStamp,elapsed,label,responseCode,responseMessage,threadName,dataType,success,failureMessage,bytes,sentBytes,grpThreads,allThreads,URL,Latency,IdleTime,Connect
1619531514697,397,HTTP Request,200,OK,Thread Group 1-40,text,true,,14376,117,139,139,http://www.google.com/,254,0,64
1619531514704,418,HTTP Request,200,OK,Thread Group 1-5,text,true,,14390,117,145,145,http://www.google.com/,333,0,154
1619531514759,368,HTTP Request,200,OK,Thread Group 1-56,text,true,,14365,117,145,145,http://www.google.com/,286,0,109
1619531514783,344,HTTP Request,200,OK,Thread Group 1-59,text,true,,14378,117,145,145,http://www.google.com/,266,0,106
1619531514792,338,HTTP Request,200,OK,Thread Group 1-63,text,true,,14440,117,147,147,http://www.google.com/,257,0,104
1619531514741,390,HTTP Request,200,OK,Thread Group 1-52,text,true,,14396,117,146,146,http://www.google.com/,345,0,125
1619531514749,383,HTTP Request,200,OK,Thread Group 1-53,text,true,,14316,117,146,146,http://www.google.com/,342,0,122
1619531514788,345,HTTP Request,200,OK,Thread Group 1-61,text,true,,14430,117,145,145,http://www.google.com/,316,0,104
1619531514783,350,HTTP Request,200,OK,Thread Group 1-60,text,true,,14400,117,144,144,http://www.google.com/,321,0,107
1619531514744,386,HTTP Request,200,OK,Thread Group 1-51,text,true,,14430,117,144,144,http://www.google.com/,340,0,123
1619531514703,427,HTTP Request,200,OK,Thread Group 1-16,text,true,,14330,117,145,145,http://www.google.com/,339,0,159
1619531514763,378,HTTP Request,200,OK,Thread Group 1-57,text,true,,14376,117,139,139,http://www.google.com/,330,0,108
1619531514788,353,HTTP Request,200,OK,Thread Group 1-62,text,true,,14416,117,139,139,http://www.google.com/,315,0,104
1619531514746,395,HTTP Request,200,OK,Thread Group 1-50,text,true,,14391,117,138,138,http://www.google.com/,301,0,123
1619531514767,375,HTTP Request,200,OK,Thread Group 1-58,text,true,,15183,117,137,137,http://www.google.com/,326,0,106
1619531514756,400,HTTP Request,200,OK,Thread Group 1-55,text,true,,14357,117,137,137,http://www.google.com/,350,0,113
1619531514857,299,HTTP Request,200,OK,Thread Group 1-75,text,true,,14355,117,137,137,http://www.google.com/,259,0,59
1619531514813,343,HTTP Request,200,OK,Thread Group 1-69,text,true,,14380,117,137,137,http://www.google.com/,251,0,97
1619531514838,318,HTTP Request,200,OK,Thread Group 1-73,text,true,,14357,117,137,137,http://www.google.com/,283,0,75
1619531514821,335,HTTP Request,200,OK,Thread Group 1-71,text,true,,14388,117,137,137,http://www.google.com/,239,0,91
1619531514848,309,HTTP Request,200,OK,Thread Group 1-74,text,true,,14387,117,135,135,http://www.google.com/,271,0,65
1619531514706,451,HTTP Request,200,OK,Thread Group 1-15,text,true,,14413,117,133,133,http://www.google.com/,336,0,134
1619531514798,359,HTTP Request,200,OK,Thread Group 1-65,text,true,,14381,117,131,131,http://www.google.com/,316,0,102
1619531514731,427,HTTP Request,200,OK,Thread Group 1-49,text,true,,14403,117,129,129,http://www.google.com/,357,0,119
1619531514722,438,HTTP Request,200,OK,Thread Group 1-9,text,true,,14415,117,130,130,http://www.google.com/,248,0,50
1619531514712,447,HTTP Request,200,OK,Thread Group 1-12,text,true,,14434,117,129,129,http://www.google.com/,245,0,60
1619531514829,332,HTTP Request,200,OK,Thread Group 1-72,text,true,,15169,117,130,130,http://www.google.com/,237,0,83
1619531514871,290,HTTP Request,200,OK,Thread Group 1-77,text,true,,14432,117,130,130,http://www.google.com/,198,0,53
1619531514704,458,HTTP Request,200,OK,Thread Group 1-2,text,true,,14389,117,130,130,http://www.google.com/,269,0,70
1619531514724,438,HTTP Request,200,OK,Thread Group 1-34,text,true,,14400,117,129,129,http://www.google.com/,238,0,49
1619531514725,437,HTTP Request,200,OK,Thread Group 1-48,text,true,,14344,117,129,129,http://www.google.com/,253,0,48
1619531514711,452,HTTP Request,200,OK,Thread Group 1-14,text,true,,14404,117,127,127,http://www.google.com/,256,0,63
1619531514864,299,HTTP Request,200,OK,Thread Group 1-76,text,true,,15270,117,127,127,http://www.google.com/,205,0,58
1619531514704,457,HTTP Request,200,OK,Thread Group 1-39,text,true,,14419,117,129,129,http://www.google.com/,274,0,70
1619531514700,467,HTTP Request,200,OK,Thread Group 1-44,text,true,,14371,117,122,122,http://www.google.com/,283,0,73
1619531514707,461,HTTP Request,200,OK,Thread Group 1-25,text,true,,14337,117,122,122,http://www.google.com/,369,0,125
1619531514707,460,HTTP Request,200,OK,Thread Group 1-1,text,true,,14378,117,122,122,http://www.google.com/,330,0,124
1619531514690,478,HTTP Request,200,OK,Thread Group 1-8,text,true,,14411,117,122,122,http://www.google.com/,289,0,81
1619531514872,301,HTTP Request,200,OK,Thread Group 1-78,text,true,,14373,117,120,120,http://www.google.com/,199,0,50
1619531514704,470,HTTP Request,200,OK,Thread Group 1-41,text,true,,14331,117,119,119,http://www.google.com/,282,0,70
1619531514721,454,HTTP Request,200,OK,Thread Group 1-29,text,true,,14376,117,120,120,http://www.google.com/,245,0,49
1619531514722,453,HTTP Request,200,OK,Thread Group 1-31,text,true,,14438,117,121,121,http://www.google.com/,289,0,49
1619531514818,361,HTTP Request,200,OK,Thread Group 1-68,text,true,,14349,117,118,118,http://www.google.com/,245,0,90
1619531514705,474,HTTP Request,200,OK,Thread Group 1-7,text,true,,14422,117,118,118,http://www.google.com/,334,0,137
1619531514705,475,HTTP Request,200,OK,Thread Group 1-26,text,true,,14351,117,117,117,http://www.google.com/,369,0,123
1619531514724,456,HTTP Request,200,OK,Thread Group 1-35,text,true,,14339,117,117,117,http://www.google.com/,257,0,47
1619531514723,457,HTTP Request,200,OK,Thread Group 1-33,text,true,,14374,117,118,118,http://www.google.com/,266,0,49
1619531514704,476,HTTP Request,200,OK,Thread Group 1-6,text,true,,14356,117,116,116,http://www.google.com/,329,0,128
1619531514725,456,HTTP Request,200,OK,Thread Group 1-36,text,true,,14359,117,116,116,http://www.google.com/,269,0,49
1619531514728,452,HTTP Request,200,OK,Thread Group 1-43,text,true,,14383,117,117,117,http://www.google.com/,348,0,106
1619531514753,430,HTTP Request,200,OK,Thread Group 1-54,text,true,,14400,117,111,111,http://www.google.com/,344,0,118
1619531514713,470,HTTP Request,200,OK,Thread Group 1-18,text,true,,15230,117,111,111,http://www.google.com/,252,0,49
1619531514723,460,HTTP Request,200,OK,Thread Group 1-23,text,true,,14384,117,112,112,http://www.google.com/,290,0,49
1619531514877,306,HTTP Request,200,OK,Thread Group 1-79,text,true,,14388,117,110,110,http://www.google.com/,202,0,51
1619531514719,466,HTTP Request,200,OK,Thread Group 1-10,text,true,,14441,117,110,110,http://www.google.com/,265,0,46
1619531514703,481,HTTP Request,200,OK,Thread Group 1-45,text,true,,14367,117,110,110,http://www.google.com/,310,0,70
1619531514717,467,HTTP Request,200,OK,Thread Group 1-13,text,true,,14353,117,110,110,http://www.google.com/,245,0,48
1619531514716,468,HTTP Request,200,OK,Thread Group 1-28,text,true,,14348,117,110,110,http://www.google.com/,241,0,47
1619531514798,389,HTTP Request,200,OK,Thread Group 1-64,text,true,,14361,117,107,107,http://www.google.com/,307,0,100
1619531514721,463,HTTP Request,200,OK,Thread Group 1-38,text,true,,14386,117,110,110,http://www.google.com/,271,0,49
1619531514716,468,HTTP Request,200,OK,Thread Group 1-47,text,true,,14379,117,110,110,http://www.google.com/,254,0,47
1619531514714,470,HTTP Request,200,OK,Thread Group 1-3,text,true,,14413,117,110,110,http://www.google.com/,239,0,48
1619531514712,471,HTTP Request,200,OK,Thread Group 1-22,text,true,,14334,117,111,111,http://www.google.com/,282,0,62
1619531514720,463,HTTP Request,200,OK,Thread Group 1-30,text,true,,14357,117,111,111,http://www.google.com/,252,0,45
1619531514888,345,HTTP Request,200,OK,Thread Group 1-81,text,true,,14404,117,111,111,http://www.google.com/,287,0,49
1619531514900,322,HTTP Request,200,OK,Thread Group 1-83,text,true,,14361,117,112,112,http://www.google.com/,203,0,50
1619531514710,488,HTTP Request,200,OK,Thread Group 1-21,text,true,,14369,117,103,103,http://www.google.com/,292,0,90
1619531514724,482,HTTP Request,200,OK,Thread Group 1-20,text,true,,14465,117,106,106,http://www.google.com/,292,0,49
1619531514695,515,HTTP Request,200,OK,Thread Group 1-19,text,true,,14365,117,108,108,http://www.google.com/,339,0,127
1619531514816,371,HTTP Request,200,OK,Thread Group 1-70,text,true,,14427,117,110,110,http://www.google.com/,300,0,91
1619531514810,378,HTTP Request,200,OK,Thread Group 1-66,text,true,,14407,117,110,110,http://www.google.com/,250,0,96
1619531514804,384,HTTP Request,200,OK,Thread Group 1-67,text,true,,14400,117,104,104,http://www.google.com/,249,0,98
1619531514887,326,HTTP Request,200,OK,Thread Group 1-80,text,true,,14383,117,108,108,http://www.google.com/,235,0,53
1619531514708,494,HTTP Request,200,OK,Thread Group 1-4,text,true,,14404,117,104,104,http://www.google.com/,289,0,104
1619531514898,302,HTTP Request,200,OK,Thread Group 1-84,text,true,,14386,117,102,102,http://www.google.com/,231,0,47
1619531514708,491,HTTP Request,200,OK,Thread Group 1-17,text,true,,14346,117,103,103,http://www.google.com/,323,0,97
1619531514709,490,HTTP Request,200,OK,Thread Group 1-24,text,true,,14402,117,103,103,http://www.google.com/,315,0,95
1619531514706,493,HTTP Request,200,OK,Thread Group 1-46,text,true,,15183,117,103,103,http://www.google.com/,290,0,73
1619531514890,309,HTTP Request,200,OK,Thread Group 1-82,text,true,,14467,117,103,103,http://www.google.com/,191,0,49
1619531514710,488,HTTP Request,200,OK,Thread Group 1-11,text,true,,14378,117,103,103,http://www.google.com/,290,0,90
1619531514727,471,HTTP Request,200,OK,Thread Group 1-27,text,true,,14408,117,103,103,http://www.google.com/,291,0,73
1619531514726,472,HTTP Request,200,OK,Thread Group 1-42,text,true,,14403,117,103,103,http://www.google.com/,293,0,64
1619531514726,471,HTTP Request,200,OK,Thread Group 1-37,text,true,,14387,117,103,103,http://www.google.com/,298,0,81
1619531514722,475,HTTP Request,200,OK,Thread Group 1-32,text,true,,14347,117,103,103,http://www.google.com/,300,0,79
1619531514910,410,HTTP Request,200,OK,Thread Group 1-85,text,true,,14374,117,108,108,http://www.google.com/,362,0,79
1619531514903,420,HTTP Request,200,OK,Thread Group 1-86,text,true,,14373,117,107,107,http://www.google.com/,371,0,63
1619531514906,454,HTTP Request,200,OK,Thread Group 1-87,text,true,,14357,117,111,111,http://www.google.com/,375,0,70
1619531514947,421,HTTP Request,200,OK,Thread Group 1-101,text,true,,14346,117,111,111,http://www.google.com/,349,0,97
1619531514943,426,HTTP Request,200,OK,Thread Group 1-97,text,true,,14364,117,110,110,http://www.google.com/,346,0,101
1619531514919,452,HTTP Request,200,OK,Thread Group 1-90,text,true,,14437,117,110,110,http://www.google.com/,380,0,126
1619531514940,431,HTTP Request,200,OK,Thread Group 1-95,text,true,,14421,117,110,110,http://www.google.com/,360,0,104
1619531514938,436,HTTP Request,200,OK,Thread Group 1-94,text,true,,14383,117,108,108,http://www.google.com/,358,0,108
1619531514915,473,HTTP Request,200,OK,Thread Group 1-89,text,true,,14341,117,109,109,http://www.google.com/,363,0,98
1619531514911,517,HTTP Request,200,OK,Thread Group 1-88,text,true,,14382,117,115,115,http://www.google.com/,379,0,102
1619531514947,496,HTTP Request,200,OK,Thread Group 1-100,text,true,,14406,117,116,116,http://www.google.com/,363,0,143
1619531514940,505,HTTP Request,200,OK,Thread Group 1-96,text,true,,14422,117,115,115,http://www.google.com/,375,0,152
1619531514986,460,HTTP Request,200,OK,Thread Group 1-109,text,true,,14379,117,115,115,http://www.google.com/,347,0,213
1619531514946,501,HTTP Request,200,OK,Thread Group 1-99,text,true,,14358,117,114,114,http://www.google.com/,369,0,146
1619531514985,463,HTTP Request,200,OK,Thread Group 1-112,text,true,,14363,117,114,114,http://www.google.com/,340,0,214
1619531514997,453,HTTP Request,200,OK,Thread Group 1-114,text,true,,14398,117,113,113,http://www.google.com/,331,0,201
1619531514993,458,HTTP Request,200,OK,Thread Group 1-115,text,true,,14343,117,113,113,http://www.google.com/,358,0,205
1619531515013,438,HTTP Request,200,OK,Thread Group 1-122,text,true,,14404,117,113,113,http://www.google.com/,323,0,184
1619531515009,441,HTTP Request,200,OK,Thread Group 1-121,text,true,,14317,117,113,113,http://www.google.com/,313,0,189
1619531514976,476,HTTP Request,200,OK,Thread Group 1-110,text,true,,14387,117,111,111,http://www.google.com/,372,0,227
1619531514991,459,HTTP Request,200,OK,Thread Group 1-118,text,true,,14324,117,113,113,http://www.google.com/,346,0,207
1619531515027,423,HTTP Request,200,OK,Thread Group 1-124,text,true,,14371,117,113,113,http://www.google.com/,325,0,170
1619531515036,417,HTTP Request,200,OK,Thread Group 1-127,text,true,,14351,117,106,106,http://www.google.com/,319,0,174
1619531515090,364,HTTP Request,200,OK,Thread Group 1-137,text,true,,15215,117,106,106,http://www.google.com/,284,0,129
1619531514959,495,HTTP Request,200,OK,Thread Group 1-103,text,true,,14446,117,106,106,http://www.google.com/,398,0,253
1619531515060,394,HTTP Request,200,OK,Thread Group 1-133,text,true,,14352,117,106,106,http://www.google.com/,311,0,152
1619531515108,346,HTTP Request,200,OK,Thread Group 1-138,text,true,,14385,117,106,106,http://www.google.com/,268,0,116
1619531515072,387,HTTP Request,200,OK,Thread Group 1-136,text,true,,14404,117,103,103,http://www.google.com/,299,0,145
1619531514968,492,HTTP Request,200,OK,Thread Group 1-106,text,true,,14373,117,102,102,http://www.google.com/,384,0,235
1619531514987,481,HTTP Request,200,OK,Thread Group 1-108,text,true,,14385,117,102,102,http://www.google.com/,374,0,213
1619531515008,460,HTTP Request,200,OK,Thread Group 1-117,text,true,,14394,117,102,102,http://www.google.com/,380,0,191
1619531514972,497,HTTP Request,200,OK,Thread Group 1-107,text,true,,14379,117,102,102,http://www.google.com/,394,0,234
1619531515033,436,HTTP Request,200,OK,Thread Group 1-126,text,true,,14351,117,102,102,http://www.google.com/,367,0,170
1619531515132,337,HTTP Request,200,OK,Thread Group 1-149,text,true,,14359,117,102,102,http://www.google.com/,246,0,97
1619531514980,489,HTTP Request,200,OK,Thread Group 1-111,text,true,,14421,117,102,102,http://www.google.com/,409,0,222
1619531514924,546,HTTP Request,200,OK,Thread Group 1-93,text,true,,14345,117,102,102,http://www.google.com/,434,0,289
1619531515173,297,HTTP Request,200,OK,Thread Group 1-147,text,true,,14368,117,102,102,http://www.google.com/,206,0,60
1619531514996,476,HTTP Request,200,OK,Thread Group 1-116,text,true,,14426,117,99,99,http://www.google.com/,393,0,202
1619531514965,507,HTTP Request,200,OK,Thread Group 1-105,text,true,,14435,117,99,99,http://www.google.com/,437,0,237
1619531515050,422,HTTP Request,200,OK,Thread Group 1-130,text,true,,14431,117,99,99,http://www.google.com/,371,0,160
1619531515047,425,HTTP Request,200,OK,Thread Group 1-129,text,true,,14416,117,99,99,http://www.google.com/,372,0,164
1619531515069,404,HTTP Request,200,OK,Thread Group 1-135,text,true,,14385,117,99,99,http://www.google.com/,356,0,147
1619531515055,418,HTTP Request,200,OK,Thread Group 1-125,text,true,,15207,117,97,97,http://www.google.com/,380,0,158
1619531514961,514,HTTP Request,200,OK,Thread Group 1-104,text,true,,14411,117,95,95,http://www.google.com/,466,0,252
1619531515063,410,HTTP Request,200,OK,Thread Group 1-134,text,true,,15211,117,95,95,http://www.google.com/,369,0,152
1619531515110,363,HTTP Request,200,OK,Thread Group 1-144,text,true,,14338,117,95,95,http://www.google.com/,318,0,115
1619531514922,553,HTTP Request,200,OK,Thread Group 1-92,text,true,,14414,117,95,95,http://www.google.com/,446,0,291
1619531515053,422,HTTP Request,200,OK,Thread Group 1-131,text,true,,14393,117,95,95,http://www.google.com/,369,0,158
1619531515103,372,HTTP Request,200,OK,Thread Group 1-141,text,true,,14416,117,95,95,http://www.google.com/,332,0,124
1619531515113,362,HTTP Request,200,OK,Thread Group 1-145,text,true,,14363,117,95,95,http://www.google.com/,332,0,116
1619531515114,360,HTTP Request,200,OK,Thread Group 1-143,text,true,,14392,117,96,96,http://www.google.com/,269,0,115
1619531515164,310,HTTP Request,200,OK,Thread Group 1-157,text,true,,14395,117,97,97,http://www.google.com/,219,0,69
1619531515187,287,HTTP Request,200,OK,Thread Group 1-163,text,true,,14401,117,97,97,http://www.google.com/,198,0,51
1619531514945,529,HTTP Request,200,OK,Thread Group 1-98,text,true,,14453,117,97,97,http://www.google.com/,457,0,261
1619531515176,306,HTTP Request,200,OK,Thread Group 1-160,text,true,,14362,117,90,90,http://www.google.com/,216,0,57
1619531515173,318,HTTP Request,200,OK,Thread Group 1-161,text,true,,14340,117,78,78,http://www.google.com/,218,0,60
1619531515181,310,HTTP Request,200,OK,Thread Group 1-162,text,true,,14379,117,78,78,http://www.google.com/,264,0,52
1619531515139,352,HTTP Request,200,OK,Thread Group 1-150,text,true,,14385,117,78,78,http://www.google.com/,258,0,93
1619531515160,331,HTTP Request,200,OK,Thread Group 1-155,text,true,,14407,117,78,78,http://www.google.com/,237,0,73
1619531515204,291,HTTP Request,200,OK,Thread Group 1-169,text,true,,14363,117,77,77,http://www.google.com/,202,0,47
1619531515142,354,HTTP Request,200,OK,Thread Group 1-151,text,true,,14328,117,76,76,http://www.google.com/,308,0,91
1619531515204,292,HTTP Request,200,OK,Thread Group 1-168,text,true,,14402,117,75,75,http://www.google.com/,201,0,47
1619531515176,315,HTTP Request,200,OK,Thread Group 1-159,text,true,,14353,117,78,78,http://www.google.com/,209,0,58
1619531515135,356,HTTP Request,200,OK,Thread Group 1-148,text,true,,14361,117,78,78,http://www.google.com/,308,0,98
1619531515189,293,HTTP Request,200,OK,Thread Group 1-165,text,true,,14394,117,90,90,http://www.google.com/,263,0,49
1619531515184,298,HTTP Request,200,OK,Thread Group 1-154,text,true,,14329,117,90,90,http://www.google.com/,265,0,52
1619531515202,293,HTTP Request,200,OK,Thread Group 1-167,text,true,,14327,117,77,77,http://www.google.com/,257,0,48
1619531515168,332,HTTP Request,200,OK,Thread Group 1-158,text,true,,14373,117,67,67,http://www.google.com/,289,0,66
1619531515162,343,HTTP Request,200,OK,Thread Group 1-156,text,true,,14374,117,66,66,http://www.google.com/,243,0,71
1619531515215,290,HTTP Request,200,OK,Thread Group 1-174,text,true,,14344,117,66,66,http://www.google.com/,253,0,47
1619531515215,290,HTTP Request,200,OK,Thread Group 1-164,text,true,,14435,117,66,66,http://www.google.com/,194,0,47
1619531515202,304,HTTP Request,200,OK,Thread Group 1-166,text,true,,14386,117,65,65,http://www.google.com/,258,0,49
1619531514927,591,HTTP Request,200,OK,Thread Group 1-91,text,true,,14375,117,67,67,http://www.google.com/,391,0,219
1619531515211,307,HTTP Request,200,OK,Thread Group 1-170,text,true,,14427,117,67,67,http://www.google.com/,200,0,49
1619531515217,301,HTTP Request,200,OK,Thread Group 1-173,text,true,,14425,117,67,67,http://www.google.com/,197,0,46
1619531515239,279,HTTP Request,200,OK,Thread Group 1-175,text,true,,14393,117,67,67,http://www.google.com/,183,0,48
1619531515215,304,HTTP Request,200,OK,Thread Group 1-172,text,true,,14343,117,66,66,http://www.google.com/,200,0,50
1619531515116,402,HTTP Request,200,OK,Thread Group 1-146,text,true,,14450,117,67,67,http://www.google.com/,299,0,113
1619531515208,310,HTTP Request,200,OK,Thread Group 1-171,text,true,,14334,117,67,67,http://www.google.com/,260,0,47
1619531514950,573,HTTP Request,200,OK,Thread Group 1-102,text,true,,14425,117,62,62,http://www.google.com/,367,0,140
1619531515253,299,HTTP Request,200,OK,Thread Group 1-176,text,true,,14335,117,68,68,http://www.google.com/,217,0,48
1619531515263,395,HTTP Request,200,OK,Thread Group 1-177,text,true,,15204,117,89,89,http://www.google.com/,345,0,51
1619531515268,392,HTTP Request,200,OK,Thread Group 1-180,text,true,,14409,117,88,88,http://www.google.com/,340,0,50
1619531515273,390,HTTP Request,200,OK,Thread Group 1-181,text,true,,14396,117,88,88,http://www.google.com/,342,0,51
1619531515287,382,HTTP Request,200,OK,Thread Group 1-184,text,true,,14378,117,90,90,http://www.google.com/,331,0,81
1619531515290,385,HTTP Request,200,OK,Thread Group 1-185,text,true,,14398,117,89,89,http://www.google.com/,332,0,78
1619531515285,392,HTTP Request,200,OK,Thread Group 1-183,text,true,,14373,117,88,88,http://www.google.com/,339,0,67
1619531515310,368,HTTP Request,200,OK,Thread Group 1-190,text,true,,14320,117,88,88,http://www.google.com/,315,0,74
1619531515270,413,HTTP Request,200,OK,Thread Group 1-178,text,true,,14414,117,86,86,http://www.google.com/,358,0,118
1619531515297,393,HTTP Request,200,OK,Thread Group 1-189,text,true,,14370,117,88,88,http://www.google.com/,339,0,77
1619531515300,393,HTTP Request,200,OK,Thread Group 1-188,text,true,,14457,117,88,88,http://www.google.com/,336,0,134
1619531515282,419,HTTP Request,200,OK,Thread Group 1-179,text,true,,14360,117,88,88,http://www.google.com/,351,0,117
1619531515282,419,HTTP Request,200,OK,Thread Group 1-182,text,true,,14382,117,88,88,http://www.google.com/,348,0,117
1619531515311,396,HTTP Request,200,OK,Thread Group 1-191,text,true,,14332,117,87,87,http://www.google.com/,338,0,131
1619531515328,383,HTTP Request,200,OK,Thread Group 1-193,text,true,,14358,117,86,86,http://www.google.com/,322,0,196
1619531515317,397,HTTP Request,200,OK,Thread Group 1-192,text,true,,15210,117,86,86,http://www.google.com/,338,0,206
1619531515338,376,HTTP Request,200,OK,Thread Group 1-194,text,true,,14352,117,86,86,http://www.google.com/,322,0,189
1619531515290,426,HTTP Request,200,OK,Thread Group 1-187,text,true,,14395,117,84,84,http://www.google.com/,356,0,144
1619531515341,377,HTTP Request,200,OK,Thread Group 1-195,text,true,,14331,117,83,83,http://www.google.com/,316,0,184
1619531515292,426,HTTP Request,200,OK,Thread Group 1-186,text,true,,14393,117,83,83,http://www.google.com/,357,0,142
1619531515351,384,HTTP Request,200,OK,Thread Group 1-196,text,true,,14402,117,84,84,http://www.google.com/,315,0,177
1619531515380,355,HTTP Request,200,OK,Thread Group 1-200,text,true,,14338,117,84,84,http://www.google.com/,291,0,157
1619531515396,379,HTTP Request,200,OK,Thread Group 1-203,text,true,,14374,117,90,90,http://www.google.com/,276,0,145
1619531515354,422,HTTP Request,200,OK,Thread Group 1-197,text,true,,14387,117,90,90,http://www.google.com/,324,0,176
1619531515366,410,HTTP Request,200,OK,Thread Group 1-198,text,true,,14375,117,89,89,http://www.google.com/,315,0,165
1619531515394,383,HTTP Request,200,OK,Thread Group 1-202,text,true,,14384,117,88,88,http://www.google.com/,281,0,147
1619531515385,397,HTTP Request,200,OK,Thread Group 1-201,text,true,,14363,117,86,86,http://www.google.com/,303,0,152
1619531515402,383,HTTP Request,200,OK,Thread Group 1-204,text,true,,14392,117,86,86,http://www.google.com/,281,0,142
1619531515411,374,HTTP Request,200,OK,Thread Group 1-206,text,true,,14369,117,86,86,http://www.google.com/,277,0,138
1619531515422,364,HTTP Request,200,OK,Thread Group 1-207,text,true,,14414,117,84,84,http://www.google.com/,267,0,128
1619531515512,274,HTTP Request,200,OK,Thread Group 1-218,text,true,,14390,117,84,84,http://www.google.com/,181,0,50
1619531515462,326,HTTP Request,200,OK,Thread Group 1-214,text,true,,14340,117,82,82,http://www.google.com/,232,0,96
1619531515470,320,HTTP Request,200,OK,Thread Group 1-216,text,true,,14335,117,81,81,http://www.google.com/,231,0,90
1619531515514,277,HTTP Request,200,OK,Thread Group 1-223,text,true,,14382,117,81,81,http://www.google.com/,197,0,53
1619531515500,290,HTTP Request,200,OK,Thread Group 1-220,text,true,,14439,117,81,81,http://www.google.com/,199,0,60
1619531515448,342,HTTP Request,200,OK,Thread Group 1-211,text,true,,14354,117,81,81,http://www.google.com/,246,0,106
1619531515512,278,HTTP Request,200,OK,Thread Group 1-222,text,true,,14350,117,81,81,http://www.google.com/,195,0,50
1619531515509,281,HTTP Request,200,OK,Thread Group 1-221,text,true,,14414,117,81,81,http://www.google.com/,188,0,52
1619531515525,268,HTTP Request,200,OK,Thread Group 1-226,text,true,,14458,117,75,75,http://www.google.com/,187,0,46
1619531515432,362,HTTP Request,200,OK,Thread Group 1-209,text,true,,14387,117,75,75,http://www.google.com/,275,0,123
1619531515515,279,HTTP Request,200,OK,Thread Group 1-219,text,true,,14412,117,75,75,http://www.google.com/,197,0,55
1619531515500,293,HTTP Request,200,OK,Thread Group 1-217,text,true,,15229,117,75,75,http://www.google.com/,203,0,62
1619531515529,266,HTTP Request,200,OK,Thread Group 1-227,text,true,,14377,117,74,74,http://www.google.com/,190,0,48
1619531515524,271,HTTP Request,200,OK,Thread Group 1-225,text,true,,14400,117,72,72,http://www.google.com/,197,0,46
1619531515521,274,HTTP Request,200,OK,Thread Group 1-224,text,true,,14404,117,72,72,http://www.google.com/,195,0,49
1619531515534,262,HTTP Request,200,OK,Thread Group 1-231,text,true,,14332,117,69,69,http://www.google.com/,194,0,48
1619531515529,267,HTTP Request,200,OK,Thread Group 1-228,text,true,,14361,117,69,69,http://www.google.com/,192,0,48
1619531515548,248,HTTP Request,200,OK,Thread Group 1-232,text,true,,14385,117,69,69,http://www.google.com/,183,0,47
1619531515557,240,HTTP Request,200,OK,Thread Group 1-235,text,true,,14366,117,66,66,http://www.google.com/,187,0,51
1619531515536,261,HTTP Request,200,OK,Thread Group 1-230,text,true,,14374,117,66,66,http://www.google.com/,189,0,50
1619531515563,240,HTTP Request,200,OK,Thread Group 1-234,text,true,,14395,117,66,66,http://www.google.com/,190,0,52
1619531515531,272,HTTP Request,200,OK,Thread Group 1-229,text,true,,14359,117,66,66,http://www.google.com/,203,0,48
1619531515566,240,HTTP Request,200,OK,Thread Group 1-236,text,true,,14355,117,66,66,http://www.google.com/,190,0,58
1619531515571,240,HTTP Request,200,OK,Thread Group 1-237,text,true,,14403,117,65,65,http://www.google.com/,190,0,51
1619531515569,245,HTTP Request,200,OK,Thread Group 1-238,text,true,,14388,117,64,64,http://www.google.com/,195,0,55
1619531515581,241,HTTP Request,200,OK,Thread Group 1-240,text,true,,14427,117,64,64,http://www.google.com/,192,0,54
1619531515594,230,HTTP Request,200,OK,Thread Group 1-241,text,true,,14377,117,65,65,http://www.google.com/,184,0,48
1619531515584,248,HTTP Request,200,OK,Thread Group 1-239,text,true,,14414,117,65,65,http://www.google.com/,199,0,62
1619531515603,235,HTTP Request,200,OK,Thread Group 1-242,text,true,,14301,117,67,67,http://www.google.com/,185,0,52
1619531515610,244,HTTP Request,200,OK,Thread Group 1-243,text,true,,14382,117,71,71,http://www.google.com/,190,0,53
1619531515616,244,HTTP Request,200,OK,Thread Group 1-244,text,true,,14424,117,71,71,http://www.google.com/,199,0,53
1619531515461,416,HTTP Request,200,OK,Thread Group 1-215,text,true,,14409,117,67,67,http://www.google.com/,360,0,97
1619531515565,346,HTTP Request,200,OK,Thread Group 1-233,text,true,,14398,117,70,70,http://www.google.com/,287,0,57
1619531515651,312,HTTP Request,200,OK,Thread Group 1-254,text,true,,14339,117,73,73,http://www.google.com/,222,0,61
1619531515638,328,HTTP Request,200,OK,Thread Group 1-250,text,true,,14380,117,72,72,http://www.google.com/,275,0,56
1619531515636,330,HTTP Request,200,OK,Thread Group 1-249,text,true,,14369,117,72,72,http://www.google.com/,242,0,61
1619531515621,346,HTTP Request,200,OK,Thread Group 1-245,text,true,,14404,117,72,72,http://www.google.com/,260,0,57
1619531515641,326,HTTP Request,200,OK,Thread Group 1-251,text,true,,14342,117,72,72,http://www.google.com/,272,0,56
1619531515671,296,HTTP Request,200,OK,Thread Group 1-258,text,true,,14374,117,69,69,http://www.google.com/,241,0,64
1619531515626,353,HTTP Request,200,OK,Thread Group 1-246,text,true,,14402,117,67,67,http://www.google.com/,255,0,57
1619531515671,308,HTTP Request,200,OK,Thread Group 1-257,text,true,,14370,117,67,67,http://www.google.com/,248,0,64
1619531515633,346,HTTP Request,200,OK,Thread Group 1-248,text,true,,14364,117,67,67,http://www.google.com/,242,0,68
1619531515661,318,HTTP Request,200,OK,Thread Group 1-253,text,true,,14362,117,67,67,http://www.google.com/,251,0,66
1619531515645,335,HTTP Request,200,OK,Thread Group 1-252,text,true,,14359,117,67,67,http://www.google.com/,239,0,63
1619531515665,315,HTTP Request,200,OK,Thread Group 1-256,text,true,,14364,117,65,65,http://www.google.com/,247,0,65
1619531515661,320,HTTP Request,200,OK,Thread Group 1-255,text,true,,14385,117,62,62,http://www.google.com/,250,0,66
1619531515688,293,HTTP Request,200,OK,Thread Group 1-259,text,true,,14362,117,60,60,http://www.google.com/,228,0,98
1619531515631,349,HTTP Request,200,OK,Thread Group 1-247,text,true,,14397,117,59,59,http://www.google.com/,253,0,70
1619531515688,351,HTTP Request,200,OK,Thread Group 1-262,text,true,,14381,117,58,58,http://www.google.com/,235,0,101
1619531515752,299,HTTP Request,200,OK,Thread Group 1-271,text,true,,14347,117,57,57,http://www.google.com/,202,0,51
1619531515764,288,HTTP Request,200,OK,Thread Group 1-274,text,true,,14393,117,56,56,http://www.google.com/,199,0,50
1619531515715,346,HTTP Request,200,OK,Thread Group 1-265,text,true,,14413,117,55,55,http://www.google.com/,241,0,80
1619531515699,363,HTTP Request,200,OK,Thread Group 1-261,text,true,,14368,117,54,54,http://www.google.com/,241,0,91
1619531515749,330,HTTP Request,200,OK,Thread Group 1-270,text,true,,14393,117,53,53,http://www.google.com/,207,0,54
1619531515739,340,HTTP Request,200,OK,Thread Group 1-268,text,true,,14357,117,53,53,http://www.google.com/,220,0,64
1619531515770,309,HTTP Request,200,OK,Thread Group 1-275,text,true,,14412,117,53,53,http://www.google.com/,198,0,49
1619531515808,272,HTTP Request,200,OK,Thread Group 1-280,text,true,,14452,117,51,51,http://www.google.com/,195,0,49
1619531515807,273,HTTP Request,200,OK,Thread Group 1-281,text,true,,14379,117,51,51,http://www.google.com/,190,0,48
1619531515701,379,HTTP Request,200,OK,Thread Group 1-263,text,true,,14389,117,48,48,http://www.google.com/,260,0,89
1619531515685,396,HTTP Request,200,OK,Thread Group 1-260,text,true,,14351,117,47,47,http://www.google.com/,250,0,104
1619531515757,330,HTTP Request,200,OK,Thread Group 1-272,text,true,,14389,117,46,46,http://www.google.com/,214,0,50
1619531515708,379,HTTP Request,200,OK,Thread Group 1-264,text,true,,14428,117,46,46,http://www.google.com/,260,0,87
1619531515759,335,HTTP Request,200,OK,Thread Group 1-273,text,true,,14429,117,44,44,http://www.google.com/,221,0,53
1619531515797,297,HTTP Request,200,OK,Thread Group 1-278,text,true,,14342,117,44,44,http://www.google.com/,188,0,48
1619531515774,320,HTTP Request,200,OK,Thread Group 1-276,text,true,,14402,117,44,44,http://www.google.com/,206,0,49
1619531515801,294,HTTP Request,200,OK,Thread Group 1-279,text,true,,14401,117,44,44,http://www.google.com/,194,0,53
1619531515812,283,HTTP Request,200,OK,Thread Group 1-282,text,true,,14355,117,42,42,http://www.google.com/,179,0,48
1619531515744,351,HTTP Request,200,OK,Thread Group 1-269,text,true,,14356,117,42,42,http://www.google.com/,237,0,59
1619531515784,312,HTTP Request,200,OK,Thread Group 1-277,text,true,,14426,117,38,38,http://www.google.com/,201,0,47
1619531515861,280,HTTP Request,200,OK,Thread Group 1-291,text,true,,14367,117,37,37,http://www.google.com/,193,0,47
1619531515854,303,HTTP Request,200,OK,Thread Group 1-290,text,true,,14384,117,36,36,http://www.google.com/,189,0,57
1619531515851,307,HTTP Request,200,OK,Thread Group 1-287,text,true,,14407,117,36,36,http://www.google.com/,231,0,55
1619531515820,342,HTTP Request,200,OK,Thread Group 1-283,text,true,,14335,117,34,34,http://www.google.com/,220,0,60
1619531515835,327,HTTP Request,200,OK,Thread Group 1-285,text,true,,14389,117,34,34,http://www.google.com/,226,0,78
1619531515844,321,HTTP Request,200,OK,Thread Group 1-288,text,true,,14362,117,32,32,http://www.google.com/,240,0,68
1619531515828,340,HTTP Request,200,OK,Thread Group 1-284,text,true,,14376,117,31,31,http://www.google.com/,260,0,92
1619531515847,321,HTTP Request,200,OK,Thread Group 1-289,text,true,,14338,117,31,31,http://www.google.com/,240,0,64
1619531515835,334,HTTP Request,200,OK,Thread Group 1-286,text,true,,14318,117,31,31,http://www.google.com/,255,0,76
1619531515872,337,HTTP Request,200,OK,Thread Group 1-292,text,true,,14392,117,28,28,http://www.google.com/,276,0,91
1619531515918,291,HTTP Request,200,OK,Thread Group 1-295,text,true,,14379,117,28,28,http://www.google.com/,235,0,67
1619531515912,299,HTTP Request,200,OK,Thread Group 1-296,text,true,,14366,117,26,26,http://www.google.com/,243,0,54
1619531515910,302,HTTP Request,200,OK,Thread Group 1-293,text,true,,14367,117,25,25,http://www.google.com/,248,0,57
1619531515912,300,HTTP Request,200,OK,Thread Group 1-297,text,true,,14278,117,25,25,http://www.google.com/,245,0,68
1619531515915,297,HTTP Request,200,OK,Thread Group 1-298,text,true,,14373,117,25,25,http://www.google.com/,245,0,65
1619531515000,1322,HTTP Request,200,OK,Thread Group 1-113,text,true,,14364,117,22,22,http://www.google.com/,1258,0,1079
1619531515921,401,HTTP Request,200,OK,Thread Group 1-294,text,true,,14409,117,22,22,http://www.google.com/,331,0,158
1619531515921,416,HTTP Request,200,OK,Thread Group 1-300,text,true,,14352,117,20,20,http://www.google.com/,337,0,173
1619531515003,1334,HTTP Request,200,OK,Thread Group 1-119,text,true,,14426,117,20,20,http://www.google.com/,1266,0,1092
1619531515924,413,HTTP Request,200,OK,Thread Group 1-299,text,true,,14383,117,20,20,http://www.google.com/,345,0,170
1619531515006,1331,HTTP Request,200,OK,Thread Group 1-120,text,true,,14391,117,20,20,http://www.google.com/,1263,0,1090
1619531515017,1364,HTTP Request,200,OK,Thread Group 1-123,text,true,,14361,117,16,16,http://www.google.com/,1294,0,1145
1619531515120,1266,HTTP Request,200,OK,Thread Group 1-142,text,true,,14336,117,15,15,http://www.google.com/,1193,0,1064
1619531515056,1330,HTTP Request,200,OK,Thread Group 1-132,text,true,,14347,117,15,15,http://www.google.com/,1261,0,1107
1619531515107,1279,HTTP Request,200,OK,Thread Group 1-139,text,true,,14406,117,15,15,http://www.google.com/,1224,0,1077
1619531515097,1290,HTTP Request,200,OK,Thread Group 1-140,text,true,,14359,117,12,12,http://www.google.com/,1235,0,1072
1619531515147,1259,HTTP Request,200,OK,Thread Group 1-153,text,true,,14400,117,11,11,http://www.google.com/,1213,0,1075
1619531515148,1269,HTTP Request,200,OK,Thread Group 1-152,text,true,,14338,117,10,10,http://www.google.com/,1219,0,1074
1619531515373,1245,HTTP Request,200,OK,Thread Group 1-199,text,true,,15208,117,9,9,http://www.google.com/,1197,0,1067
1619531515420,1239,HTTP Request,200,OK,Thread Group 1-208,text,true,,14385,117,8,8,http://www.google.com/,1192,0,1058
1619531515040,1623,HTTP Request,200,OK,Thread Group 1-128,text,true,,14411,117,7,7,http://www.google.com/,1259,0,1123
1619531515408,1264,HTTP Request,200,OK,Thread Group 1-205,text,true,,14385,117,6,6,http://www.google.com/,1211,0,1070
1619531515451,1245,HTTP Request,200,OK,Thread Group 1-212,text,true,,14359,117,5,5,http://www.google.com/,1195,0,1057
1619531515439,1259,HTTP Request,200,OK,Thread Group 1-210,text,true,,14360,117,4,4,http://www.google.com/,1198,0,1068
1619531515458,1259,HTTP Request,200,OK,Thread Group 1-213,text,true,,14396,117,3,3,http://www.google.com/,1211,0,1080
1619531515723,1249,HTTP Request,200,OK,Thread Group 1-266,text,true,,14365,117,2,2,http://www.google.com/,1200,0,1071
1619531515729,1252,HTTP Request,200,OK,Thread Group 1-267,text,true,,14407,117,1,1,http://www.google.com/,1204,0,1065
